disease,gam_type,gam_aic,gam_edf,gam_r2,rmse_gam,rmse_its
Influenza (laboratory confirmed),gamm_ar1,281.51240712469416,6.78055541527582,0.03399453755310655,2.0882360410474745,1.8288702410765392
Meningococcal disease (invasive),gamm_ar1,125.04558628457912,10.57776976323626,0.6613269377859785,0.3329468040097157,0.36794101735672236
Salmonellosis,gamm_ar1,-35.76026255497709,10.150777922712999,0.7778366282496492,0.1741199587154983,0.15067239736927598
