analysis,rho,p_value,n
spearman_mean_stringency,-0.380952380952381,0.35181255311756493,8
spearman_days_above_70,-0.1904761904761905,0.6514014957024816,8
mixed_effects_stringency_z,-0.10342559242540457,0.09967261981414033,355
