term,estimate,std.error,statistic,p.value,conf.low,conf.high,model,covariate,HR,HR_lo,HR_hi,p
disruption_mag,0.9323905889665546,0.9941268857861102,-0.07041703248934979,0.9438617349332559,0.13286039583389064,6.543351048572146,cox_multivariate,NA,NA,NA,NA,NA
NA,NA,NA,NA,NA,NA,NA,cox_univariate,border_sensitive,1.827406141337669,0.6790290240318002,4.917924105173798,0.23263183845783728
NA,NA,NA,NA,NA,NA,NA,cox_univariate,vaccine_preventable,0.5373731837410357,0.17279547860730401,1.6711660567244189,0.28332990170908623
NA,NA,NA,NA,NA,NA,NA,cox_univariate,disruption_mag,0.9323905889665546,0.13286039583389064,6.543351048572146,0.9438617349332559
NA,NA,NA,NA,NA,NA,NA,cox_univariate,log_baseline,1.075454768059907,0.7993771779490159,1.4468801337440182,0.6308075651457921
