disease,arima_order,seasonal_order,lambda,aic,bic,ljung_box_stat,ljung_box_p,ljung_box_pass,shapiro_wilk_stat,shapiro_wilk_p,adf_stat,adf_p,baseline_months
Influenza (laboratory confirmed),"1,0,1","1,1,0",-0.1800409730225992,-98.76446877428599,-91.1163767525734,20.748020222403433,0.6535419736879965,TRUE,0.925766915081126,0.0010722785459691478,-3.9165450842266374,0.019199366168231057,62
Meningococcal disease (invasive),"0,0,3","1,0,0",-0.41058376546658093,-92.49830699166179,-79.73550068139124,20.832409304752385,0.6485911394566701,TRUE,0.9758030786927849,0.25829132398114024,-3.78129066437346,0.0252798829183474,62
Salmonellosis,"3,0,0","1,1,0",-0.8999267732242041,-661.5419868793919,-651.9818718522512,163.81664769225128,0,FALSE,0.8836401877315588,2.6712356473543725e-5,-1.7341874471635286,0.6824413406865525,62
