transmission_mode,n_diseases,mean_covid_oe,median_covid_oe,sd_covid_oe,min_covid_oe,max_covid_oe,mean_covid_pct,n_decreased,n_increased,n_unchanged,mean_post_oe,median_post_oe,sd_post_oe,n_overshoot,n_returned,n_partial,n_suppressed
vector_borne,6,0.544148416159239,0.28102681435230725,0.5733465698707823,0.07580645161290323,1.572327044025157,-45.5851583840761,5,1,0,0.8059709930389694,0.7823352474706043,0.30970137904328704,0,3,2,1
enteric,12,0.5617321102586115,0.5187559354226021,0.2914687810684972,0.20712909441233143,1.1655011655011656,-43.82678897413886,10,1,1,1.237969964338219,1.1576821344373527,0.5013306553529534,6,2,4,0
respiratory,13,0.7727608018630551,0.6944444444444444,0.6828748959248164,0.0652701882210079,2.5641025641025643,-22.723919813694494,7,2,4,1.0430839482091554,0.9770114942528736,0.620072226320233,6,2,1,4
blood_borne,5,0.8678679441247568,0.7773109243697479,0.22696930269384047,0.6549520766773164,1.148148148148148,-13.213205587524325,3,1,1,0.9382664292790835,0.8543417366946778,0.45342231333201344,1,1,2,1
zoonotic,4,0.9716919650222736,0.8821770334928231,0.31328434874160954,0.7000000000000001,1.4224137931034484,-2.8308034977726413,2,1,1,1.1220714403563767,1.1380822746521477,0.09622668164004054,1,3,0,0
STI,4,1.035800798293537,1.0205433365574668,0.15320458176079907,0.8664843361511686,1.2356321839080462,3.5800798293537026,1,1,2,1.2441705027300674,1.2906531230508778,0.2095631146746854,3,1,0,0
